Image;Accuracy
1000;0.6933962264150944
1001;0.6432926829268293
1002;0.0711864406779661
1003;0.08208955223880597
1004;0.8357487922705314
1005;0.078125
1006;0.0
1007;0.8504398826979472
1008;0.9236947791164659
1009;0.11182108626198083
1010;0.7058823529411765
1011;0.510556621880998
1012;0.7125382262996942
1013;0.8081395348837209
1014;0.6782006920415224
1015;0.15363128491620112
1016;0.5766423357664233
1017;0.5342465753424658
1018;0.7444933920704846
1019;0.0
