Image;Accuracy
1000;0.018867924528301886
1001;0.08536585365853659
1002;0.020338983050847456
1003;0.0
1004;0.0
1005;0.0
1006;0.08045977011494253
1007;0.0
1008;0.0
1009;0.0
1010;0.8856209150326797
1011;0.0
1012;0.0
1013;0.03488372093023256
1014;0.0
1015;0.0
1016;0.058394160583941604
1017;0.15753424657534246
1018;0.05726872246696035
1019;0.0
